phenotype,t_stat,p_value
Phenotype_A,-151.7505987825277,0.0
Phenotype_B,-356.0091552465788,0.0
Phenotype_C,133.0427859470054,0.0
Phenotype_D,103.30702042411211,0.0
Phenotype_E,-287.5453309800247,0.0
